Order_ID,Order_Date,Product,Quantity,Unit_Price,Discount(%),Customer_City,Payment_Mode,Delivery_Status
1001,2025-03-18,Vanilla Cupcake,4,100,0,Delhi,Card,Delivered
1002,2025-04-24,Choco Chip Cookie,5,80,20,Kanpur,Card,Delivered
1003,2024-11-24,Jar Cake,4,250,20,Mumbai,Cash on Delivery,Delivered
1004,2024-11-16,Jar Cake,3,250,0,Lucknow,UPI,Pending
1005,2024-12-28,Brownie,2,150,15,Gurgaon,Cash on Delivery,Delivered
1006,2025-01-30,Choco Chip Cookie,4,80,5,Delhi,UPI,Delivered
1007,2025-04-10,Jar Cake,3,250,20,Gurgaon,Card,Delivered
1008,2025-04-02,Chocolate Cake,3,400,5,Noida,Cash on Delivery,Delivered
1009,2025-02-12,Chocolate Truffle,4,300,20,Delhi,Card,Delivered
1010,2025-03-12,Vanilla Cupcake,2,100,20,Noida,Cash on Delivery,Delivered
1011,2024-12-12,Choco Chip Cookie,3,80,0,Delhi,Card,Pending
1012,2024-11-15,Brownie,2,150,0,Gurgaon,UPI,Delivered
1013,2025-03-21,Chocolate Cake,4,400,5,Noida,Card,Delivered
1014,2024-11-04,Jar Cake,2,250,10,Lucknow,UPI,Pending
1015,2025-04-04,Chocolate Cake,4,400,0,Kanpur,Cash on Delivery,Delivered
1016,2025-04-09,Vanilla Cupcake,2,100,0,Delhi,Cash on Delivery,Delivered
1017,2025-02-14,Chocolate Cake,5,400,20,Kanpur,Online,Delivered
1018,2025-01-23,Brownie,4,150,5,Lucknow,Card,Delivered
1019,2025-01-16,Chocolate Cake,3,400,5,Noida,Cash on Delivery,Delivered
1020,2025-04-21,Vanilla Cupcake,4,100,15,Kanpur,UPI,Delivered
1021,2025-04-08,Choco Chip Cookie,3,80,5,Lucknow,Online,Pending
1022,2025-04-21,Jar Cake,3,250,0,Gurgaon,Card,Delivered
1023,2025-03-24,Chocolate Cake,2,400,10,Kanpur,Card,Delivered
1024,2024-12-29,Chocolate Truffle,3,300,5,Lucknow,Cash on Delivery,Delivered
1025,2025-01-27,Chocolate Cake,1,400,10,Noida,UPI,Delivered
1026,2025-04-24,Brownie,3,150,15,Lucknow,UPI,Delivered
1027,2025-01-01,Choco Chip Cookie,4,80,0,Kanpur,UPI,Cancelled
1028,2024-11-06,Jar Cake,2,250,5,Mumbai,Card,Delivered
1029,2025-01-27,Brownie,4,150,0,Mumbai,Card,Delivered
1030,2025-03-11,Brownie,5,150,15,Lucknow,Cash on Delivery,Delivered
1031,2025-04-07,Chocolate Truffle,4,300,10,Mumbai,Cash on Delivery,Delivered
1032,2024-12-22,Brownie,3,150,5,Kanpur,Online,Delivered
1033,2025-02-12,Jar Cake,3,250,5,Gurgaon,UPI,Delivered
1034,2025-04-06,Brownie,4,150,10,Kanpur,Online,Delivered
1035,2025-02-14,Brownie,4,150,20,Noida,Cash on Delivery,Pending
1036,2025-03-28,Chocolate Truffle,3,300,10,Noida,Online,Delivered
1037,2025-02-03,Choco Chip Cookie,2,80,20,Noida,Card,Cancelled
1038,2025-02-24,Chocolate Truffle,2,300,0,Kanpur,Card,Pending
1039,2025-04-02,Vanilla Cupcake,3,100,10,Lucknow,Card,Delivered
1040,2025-03-09,Chocolate Truffle,3,300,0,Gurgaon,UPI,Delivered
1041,2025-03-24,Chocolate Cake,3,400,20,Noida,Online,Delivered
1042,2024-11-09,Chocolate Cake,4,400,20,Delhi,UPI,Delivered
1043,2025-03-22,Vanilla Cupcake,5,100,20,Mumbai,Online,Delivered
1044,2025-02-02,Choco Chip Cookie,1,80,15,Noida,Cash on Delivery,Delivered
1045,2024-12-23,Choco Chip Cookie,1,80,0,Lucknow,UPI,Delivered
1046,2024-11-30,Brownie,2,150,15,Mumbai,UPI,Delivered
1047,2024-11-17,Vanilla Cupcake,1,100,0,Delhi,Card,Pending
1048,2025-01-21,Chocolate Cake,4,400,5,Lucknow,Online,Delivered
1049,2025-02-02,Jar Cake,5,250,0,Mumbai,Cash on Delivery,Delivered
1050,2024-12-28,Vanilla Cupcake,2,100,15,Lucknow,Cash on Delivery,Delivered
1051,2025-01-28,Chocolate Cake,2,400,20,Mumbai,UPI,Delivered
1052,2024-12-25,Choco Chip Cookie,4,80,5,Mumbai,Card,Delivered
1053,2024-12-29,Chocolate Truffle,2,300,0,Kanpur,Cash on Delivery,Delivered
1054,2025-01-07,Brownie,5,150,10,Noida,Card,Delivered
1055,2025-03-29,Brownie,5,150,20,Noida,Cash on Delivery,Delivered
1056,2024-11-27,Choco Chip Cookie,5,80,15,Mumbai,Card,Delivered
1057,2024-11-07,Brownie,3,150,15,Mumbai,Cash on Delivery,Delivered
1058,2025-03-28,Brownie,3,150,20,Kanpur,Online,Delivered
1059,2025-02-13,Choco Chip Cookie,2,80,0,Noida,Cash on Delivery,Delivered
1060,2025-01-21,Jar Cake,3,250,5,Noida,Cash on Delivery,Delivered
1061,2025-01-20,Jar Cake,5,250,10,Delhi,Card,Delivered
1062,2024-12-07,Brownie,4,150,15,Mumbai,UPI,Delivered
1063,2024-11-25,Jar Cake,1,250,20,Gurgaon,Card,Delivered
1064,2025-04-12,Chocolate Cake,5,400,5,Lucknow,UPI,Pending
1065,2024-11-18,Choco Chip Cookie,3,80,20,Delhi,UPI,Delivered
1066,2025-03-28,Vanilla Cupcake,5,100,20,Delhi,UPI,Delivered
1067,2025-01-10,Brownie,5,150,20,Noida,UPI,Delivered
1068,2024-12-15,Vanilla Cupcake,5,100,20,Delhi,Card,Delivered
1069,2025-03-12,Chocolate Truffle,1,300,15,Delhi,Card,Delivered
1070,2025-03-01,Brownie,2,150,0,Delhi,Card,Delivered
1071,2025-01-04,Choco Chip Cookie,5,80,20,Mumbai,UPI,Delivered
1072,2025-03-06,Brownie,3,150,5,Kanpur,Card,Delivered
1073,2025-02-04,Choco Chip Cookie,5,80,10,Noida,Cash on Delivery,Cancelled
1074,2025-01-02,Chocolate Cake,1,400,20,Lucknow,UPI,Pending
1075,2024-12-25,Brownie,4,150,5,Lucknow,UPI,Delivered
1076,2025-01-03,Choco Chip Cookie,3,80,15,Noida,Online,Delivered
1077,2025-01-28,Brownie,2,150,10,Mumbai,Cash on Delivery,Delivered
1078,2025-03-25,Chocolate Cake,1,400,5,Noida,UPI,Delivered
1079,2025-02-21,Jar Cake,2,250,0,Noida,UPI,Delivered
1080,2025-02-05,Vanilla Cupcake,2,100,20,Gurgaon,UPI,Delivered
1081,2025-01-07,Vanilla Cupcake,2,100,20,Lucknow,UPI,Delivered
1082,2024-11-27,Chocolate Cake,3,400,15,Noida,Cash on Delivery,Delivered
1083,2025-01-30,Chocolate Truffle,4,300,5,Noida,Online,Delivered
1084,2025-02-14,Vanilla Cupcake,2,100,15,Gurgaon,Card,Delivered
1085,2025-01-25,Chocolate Truffle,5,300,10,Mumbai,Online,Delivered
1086,2025-01-05,Choco Chip Cookie,3,80,5,Mumbai,UPI,Delivered
1087,2024-12-20,Chocolate Cake,3,400,0,Noida,UPI,Delivered
1088,2025-01-28,Chocolate Cake,5,400,15,Kanpur,Card,Pending
1089,2025-01-08,Chocolate Cake,2,400,5,Gurgaon,UPI,Delivered
1090,2024-12-09,Chocolate Cake,5,400,5,Delhi,Cash on Delivery,Delivered
1091,2025-03-26,Vanilla Cupcake,2,100,0,Kanpur,Online,Delivered
1092,2025-01-08,Chocolate Cake,3,400,0,Gurgaon,Card,Cancelled
1093,2024-12-09,Choco Chip Cookie,2,80,20,Noida,Cash on Delivery,Delivered
1094,2024-12-11,Chocolate Truffle,3,300,20,Mumbai,UPI,Delivered
1095,2025-04-08,Choco Chip Cookie,4,80,10,Lucknow,Card,Delivered
1096,2024-11-23,Vanilla Cupcake,3,100,0,Delhi,Online,Delivered
1097,2025-04-21,Chocolate Truffle,2,300,10,Gurgaon,Cash on Delivery,Pending
1098,2024-11-09,Vanilla Cupcake,2,100,20,Gurgaon,Online,Delivered
1099,2025-03-18,Chocolate Cake,2,400,15,Gurgaon,Card,Cancelled
1100,2025-04-12,Vanilla Cupcake,2,100,20,Noida,UPI,Delivered
1101,2025-01-22,Vanilla Cupcake,1,100,15,Lucknow,Card,Delivered
1102,2024-11-09,Jar Cake,1,250,0,Kanpur,Cash on Delivery,Delivered
1103,2025-01-03,Chocolate Truffle,2,300,10,Delhi,UPI,Delivered
1104,2024-12-24,Brownie,5,150,20,Noida,UPI,Delivered
1105,2025-04-21,Chocolate Truffle,5,300,15,Lucknow,UPI,Delivered
1106,2025-01-30,Jar Cake,3,250,20,Delhi,UPI,Delivered
1107,2025-03-06,Chocolate Truffle,2,300,0,Lucknow,UPI,Delivered
1108,2024-11-10,Choco Chip Cookie,1,80,5,Mumbai,UPI,Delivered
1109,2025-01-24,Choco Chip Cookie,1,80,20,Noida,UPI,Delivered
1110,2025-03-06,Choco Chip Cookie,2,80,20,Lucknow,UPI,Pending
1111,2024-12-28,Jar Cake,4,250,0,Lucknow,UPI,Delivered
1112,2025-03-04,Choco Chip Cookie,2,80,15,Lucknow,Cash on Delivery,Cancelled
1113,2025-03-14,Vanilla Cupcake,4,100,10,Lucknow,UPI,Pending
1114,2024-11-15,Brownie,4,150,20,Kanpur,Cash on Delivery,Delivered
1115,2025-01-10,Chocolate Cake,4,400,20,Lucknow,Online,Delivered
1116,2025-04-28,Brownie,4,150,0,Lucknow,Cash on Delivery,Delivered
1117,2025-01-19,Choco Chip Cookie,2,80,5,Kanpur,Cash on Delivery,Pending
1118,2024-11-03,Chocolate Truffle,3,300,10,Noida,Cash on Delivery,Delivered
1119,2025-03-03,Brownie,4,150,10,Gurgaon,Card,Delivered
1120,2025-03-16,Jar Cake,3,250,10,Gurgaon,Card,Delivered
1121,2025-02-27,Chocolate Truffle,4,300,5,Gurgaon,Online,Delivered
1122,2024-11-28,Choco Chip Cookie,4,80,10,Gurgaon,Card,Delivered
1123,2024-11-04,Chocolate Cake,1,400,5,Kanpur,UPI,Pending
1124,2025-04-30,Chocolate Cake,4,400,10,Gurgaon,UPI,Delivered
1125,2025-04-17,Brownie,3,150,10,Mumbai,Cash on Delivery,Delivered
1126,2025-04-29,Choco Chip Cookie,4,80,0,Mumbai,UPI,Delivered
1127,2025-01-04,Jar Cake,3,250,15,Delhi,Card,Delivered
1128,2025-01-07,Vanilla Cupcake,5,100,5,Delhi,UPI,Delivered
1129,2025-04-01,Choco Chip Cookie,2,80,5,Mumbai,Card,Pending
1130,2024-12-08,Chocolate Truffle,3,300,15,Kanpur,UPI,Delivered
1131,2025-01-29,Chocolate Truffle,2,300,10,Gurgaon,UPI,Delivered
1132,2024-11-03,Chocolate Cake,1,400,10,Kanpur,Card,Cancelled
1133,2025-01-30,Vanilla Cupcake,5,100,10,Gurgaon,UPI,Pending
1134,2025-04-07,Chocolate Truffle,4,300,0,Kanpur,Online,Delivered
1135,2024-11-30,Choco Chip Cookie,2,80,0,Mumbai,Online,Delivered
1136,2025-02-28,Chocolate Truffle,5,300,20,Kanpur,Online,Delivered
1137,2024-11-04,Chocolate Truffle,5,300,5,Noida,UPI,Delivered
1138,2025-02-16,Chocolate Cake,5,400,15,Delhi,UPI,Delivered
1139,2025-01-06,Brownie,5,150,20,Noida,Online,Delivered
1140,2025-03-08,Chocolate Truffle,2,300,5,Kanpur,Online,Delivered
1141,2025-01-30,Brownie,1,150,20,Mumbai,Online,Delivered
1142,2025-04-01,Brownie,3,150,20,Delhi,Cash on Delivery,Delivered
1143,2024-11-02,Chocolate Cake,4,400,10,Mumbai,Card,Delivered
1144,2024-12-20,Brownie,1,150,15,Gurgaon,UPI,Delivered
1145,2025-04-16,Jar Cake,5,250,15,Lucknow,Online,Delivered
1146,2025-01-31,Chocolate Truffle,3,300,15,Lucknow,Cash on Delivery,Delivered
1147,2025-01-12,Vanilla Cupcake,5,100,15,Kanpur,Online,Pending
1148,2024-12-07,Chocolate Cake,1,400,5,Delhi,UPI,Delivered
1149,2024-12-25,Jar Cake,3,250,5,Delhi,UPI,Delivered
1150,2025-01-28,Jar Cake,3,250,5,Mumbai,Card,Delivered
1151,2024-12-27,Chocolate Truffle,4,300,10,Noida,Online,Delivered
1152,2024-11-03,Chocolate Truffle,1,300,20,Lucknow,Online,Delivered
1153,2025-02-09,Jar Cake,1,250,20,Mumbai,Online,Cancelled
1154,2024-12-10,Vanilla Cupcake,3,100,15,Kanpur,UPI,Pending
1155,2025-01-01,Jar Cake,1,250,0,Lucknow,UPI,Delivered
1156,2024-11-13,Brownie,4,150,0,Delhi,Cash on Delivery,Delivered
1157,2024-12-06,Chocolate Truffle,2,300,5,Mumbai,Cash on Delivery,Cancelled
1158,2025-04-14,Brownie,5,150,0,Kanpur,Card,Delivered
1159,2024-12-19,Jar Cake,3,250,10,Lucknow,Cash on Delivery,Delivered
1160,2024-11-19,Choco Chip Cookie,1,80,0,Gurgaon,Cash on Delivery,Delivered
1161,2025-02-22,Brownie,3,150,10,Kanpur,Card,Delivered
1162,2025-04-07,Chocolate Cake,2,400,10,Kanpur,Card,Delivered
1163,2025-02-25,Chocolate Cake,5,400,15,Delhi,Online,Delivered
1164,2024-12-12,Chocolate Truffle,4,300,0,Gurgaon,Online,Pending
1165,2025-03-17,Vanilla Cupcake,4,100,10,Kanpur,Card,Delivered
1166,2025-04-16,Vanilla Cupcake,4,100,0,Delhi,Online,Pending
1167,2024-11-19,Chocolate Cake,2,400,15,Noida,Card,Delivered
1168,2024-11-14,Choco Chip Cookie,2,80,10,Kanpur,Online,Cancelled
1169,2024-12-23,Vanilla Cupcake,3,100,5,Delhi,UPI,Delivered
1170,2025-01-03,Chocolate Truffle,1,300,5,Noida,Cash on Delivery,Delivered
1171,2025-01-14,Choco Chip Cookie,2,80,20,Kanpur,UPI,Delivered
1172,2025-02-16,Chocolate Truffle,4,300,10,Gurgaon,Card,Delivered
1173,2024-12-03,Choco Chip Cookie,4,80,0,Noida,Online,Delivered
1174,2025-03-29,Brownie,4,150,5,Delhi,Online,Delivered
1175,2024-11-03,Brownie,3,150,0,Noida,Cash on Delivery,Delivered
1176,2025-01-13,Brownie,2,150,20,Kanpur,Online,Pending
1177,2024-12-28,Jar Cake,5,250,10,Kanpur,Cash on Delivery,Delivered
1178,2025-04-30,Chocolate Cake,2,400,10,Mumbai,Online,Cancelled
1179,2025-03-20,Brownie,5,150,10,Delhi,Online,Delivered
1180,2024-12-19,Brownie,3,150,5,Delhi,Card,Delivered
1181,2025-03-07,Choco Chip Cookie,2,80,10,Delhi,Cash on Delivery,Delivered
1182,2025-01-24,Brownie,3,150,20,Noida,Card,Delivered
1183,2025-01-19,Vanilla Cupcake,5,100,10,Gurgaon,UPI,Delivered
1184,2025-01-27,Jar Cake,1,250,0,Kanpur,Cash on Delivery,Delivered
1185,2024-11-26,Chocolate Cake,3,400,15,Delhi,Card,Delivered
1186,2024-11-24,Chocolate Truffle,1,300,0,Mumbai,UPI,Delivered
1187,2025-04-25,Choco Chip Cookie,3,80,0,Gurgaon,UPI,Delivered
1188,2024-12-11,Vanilla Cupcake,1,100,0,Kanpur,Cash on Delivery,Delivered
1189,2025-02-21,Chocolate Cake,4,400,10,Noida,UPI,Delivered
1190,2025-03-12,Vanilla Cupcake,3,100,0,Gurgaon,UPI,Delivered
1191,2025-02-22,Jar Cake,5,250,10,Delhi,Cash on Delivery,Delivered
1192,2025-02-15,Chocolate Truffle,3,300,5,Noida,Cash on Delivery,Delivered
1193,2025-02-15,Choco Chip Cookie,3,80,15,Lucknow,UPI,Delivered
1194,2025-01-13,Choco Chip Cookie,4,80,0,Delhi,Online,Delivered
1195,2025-04-07,Chocolate Cake,1,400,15,Kanpur,Online,Delivered
1196,2025-04-19,Chocolate Truffle,2,300,10,Kanpur,Card,Delivered
1197,2025-04-11,Jar Cake,3,250,5,Gurgaon,Cash on Delivery,Delivered
1198,2025-01-21,Choco Chip Cookie,3,80,15,Delhi,UPI,Delivered
1199,2025-01-19,Chocolate Cake,2,400,10,Mumbai,Cash on Delivery,Delivered
1200,2025-02-16,Brownie,5,150,0,Noida,UPI,Delivered
1201,2024-11-18,Choco Chip Cookie,5,80,5,Gurgaon,Cash on Delivery,Cancelled
1202,2025-04-27,Chocolate Cake,4,400,5,Gurgaon,Online,Delivered
1203,2025-01-20,Chocolate Truffle,5,300,5,Kanpur,Card,Delivered
1204,2024-12-16,Choco Chip Cookie,3,80,5,Mumbai,Cash on Delivery,Delivered
1205,2025-02-28,Chocolate Cake,2,400,20,Gurgaon,Cash on Delivery,Delivered
1206,2025-04-04,Chocolate Cake,3,400,15,Mumbai,UPI,Delivered
1207,2025-03-28,Choco Chip Cookie,2,80,15,Delhi,UPI,Pending
1208,2025-03-22,Chocolate Truffle,5,300,10,Gurgaon,Online,Delivered
1209,2025-04-02,Chocolate Truffle,3,300,15,Gurgaon,Cash on Delivery,Delivered
1210,2025-03-26,Jar Cake,3,250,20,Kanpur,Card,Delivered
1211,2025-04-26,Chocolate Truffle,5,300,10,Mumbai,Online,Delivered
1212,2025-01-27,Choco Chip Cookie,2,80,5,Noida,Cash on Delivery,Delivered
1213,2025-04-06,Choco Chip Cookie,4,80,10,Noida,Cash on Delivery,Delivered
1214,2024-11-03,Vanilla Cupcake,4,100,15,Kanpur,Online,Delivered
1215,2025-03-06,Chocolate Cake,3,400,20,Lucknow,Card,Delivered
1216,2025-01-28,Jar Cake,5,250,10,Gurgaon,Card,Delivered
1217,2025-03-21,Vanilla Cupcake,2,100,0,Kanpur,Cash on Delivery,Delivered
1218,2025-03-11,Vanilla Cupcake,3,100,0,Gurgaon,UPI,Delivered
1219,2024-12-27,Chocolate Cake,4,400,10,Noida,Cash on Delivery,Delivered
1220,2024-12-12,Vanilla Cupcake,5,100,0,Delhi,UPI,Pending
1221,2024-12-13,Chocolate Truffle,5,300,0,Kanpur,Online,Delivered
1222,2024-12-06,Chocolate Truffle,1,300,15,Mumbai,Card,Delivered
1223,2025-04-23,Choco Chip Cookie,4,80,5,Delhi,Online,Delivered
1224,2025-04-05,Vanilla Cupcake,2,100,15,Kanpur,Cash on Delivery,Delivered
1225,2024-12-10,Choco Chip Cookie,1,80,15,Kanpur,Online,Delivered
1226,2025-04-21,Chocolate Cake,4,400,5,Lucknow,Online,Delivered
1227,2024-11-03,Jar Cake,3,250,10,Delhi,UPI,Cancelled
1228,2025-04-19,Chocolate Cake,4,400,20,Lucknow,Card,Delivered
1229,2025-04-01,Brownie,2,150,20,Delhi,UPI,Delivered
1230,2024-11-01,Brownie,2,150,10,Kanpur,Card,Delivered
1231,2025-03-03,Choco Chip Cookie,5,80,5,Noida,Cash on Delivery,Delivered
1232,2024-12-31,Jar Cake,1,250,10,Delhi,Cash on Delivery,Delivered
1233,2025-01-21,Vanilla Cupcake,1,100,20,Mumbai,Cash on Delivery,Delivered
1234,2025-02-18,Brownie,4,150,0,Delhi,Card,Delivered
1235,2025-02-24,Chocolate Truffle,3,300,15,Lucknow,UPI,Delivered
1236,2025-02-23,Choco Chip Cookie,4,80,15,Gurgaon,Card,Delivered
1237,2024-12-25,Vanilla Cupcake,5,100,10,Kanpur,Card,Pending
1238,2025-01-03,Jar Cake,1,250,10,Gurgaon,Card,Delivered
1239,2025-04-07,Chocolate Cake,5,400,0,Kanpur,Card,Delivered
1240,2025-04-11,Brownie,1,150,5,Noida,UPI,Cancelled
1241,2024-12-30,Jar Cake,3,250,20,Lucknow,UPI,Delivered
1242,2025-02-22,Chocolate Cake,1,400,10,Kanpur,Online,Delivered
1243,2025-02-09,Vanilla Cupcake,1,100,15,Lucknow,Card,Delivered
1244,2025-03-26,Vanilla Cupcake,4,100,10,Mumbai,UPI,Delivered
1245,2025-02-06,Jar Cake,3,250,5,Lucknow,UPI,Delivered
1246,2024-11-11,Choco Chip Cookie,2,80,20,Mumbai,Card,Delivered
1247,2024-11-05,Chocolate Truffle,5,300,0,Lucknow,Cash on Delivery,Delivered
1248,2025-01-13,Vanilla Cupcake,5,100,15,Delhi,Cash on Delivery,Delivered
1249,2024-12-03,Chocolate Cake,5,400,10,Delhi,Cash on Delivery,Delivered
1250,2025-01-09,Vanilla Cupcake,3,100,15,Gurgaon,Card,Delivered
1251,2025-02-28,Chocolate Truffle,5,300,0,Mumbai,UPI,Delivered
1252,2025-03-11,Brownie,4,150,0,Lucknow,Online,Delivered
1253,2024-11-07,Jar Cake,3,250,5,Delhi,Cash on Delivery,Delivered
1254,2024-12-29,Jar Cake,2,250,5,Delhi,Card,Delivered
1255,2024-12-06,Vanilla Cupcake,1,100,5,Lucknow,Cash on Delivery,Delivered
1256,2025-04-24,Jar Cake,5,250,15,Noida,UPI,Delivered
1257,2025-03-21,Choco Chip Cookie,5,80,0,Kanpur,Online,Delivered
1258,2025-03-10,Jar Cake,5,250,0,Kanpur,Online,Delivered
1259,2024-12-06,Chocolate Truffle,2,300,10,Gurgaon,Cash on Delivery,Delivered
1260,2025-02-17,Chocolate Cake,1,400,5,Mumbai,Card,Delivered
1261,2025-04-06,Choco Chip Cookie,5,80,15,Gurgaon,Card,Delivered
1262,2024-11-19,Brownie,4,150,20,Noida,Card,Delivered
1263,2025-03-27,Vanilla Cupcake,5,100,20,Delhi,Card,Delivered
1264,2025-04-28,Vanilla Cupcake,4,100,10,Kanpur,Online,Delivered
1265,2025-01-06,Chocolate Cake,5,400,15,Lucknow,Card,Delivered
1266,2025-01-09,Chocolate Truffle,4,300,5,Delhi,UPI,Delivered
1267,2025-04-25,Vanilla Cupcake,2,100,10,Gurgaon,UPI,Delivered
1268,2024-11-13,Vanilla Cupcake,4,100,0,Kanpur,Card,Delivered
1269,2025-01-13,Jar Cake,3,250,0,Mumbai,Online,Delivered
1270,2024-12-03,Jar Cake,3,250,5,Gurgaon,Cash on Delivery,Delivered
1271,2025-01-21,Jar Cake,1,250,5,Noida,Card,Delivered
1272,2024-12-04,Chocolate Cake,3,400,20,Delhi,Online,Delivered
1273,2025-03-04,Choco Chip Cookie,3,80,0,Lucknow,UPI,Delivered
1274,2024-12-19,Vanilla Cupcake,1,100,20,Mumbai,Online,Cancelled
1275,2024-11-28,Chocolate Cake,1,400,5,Gurgaon,Card,Delivered
1276,2024-12-13,Brownie,4,150,20,Kanpur,UPI,Delivered
1277,2024-11-04,Chocolate Truffle,2,300,15,Noida,Online,Delivered
1278,2025-03-08,Chocolate Cake,3,400,15,Noida,Card,Delivered
1279,2025-02-26,Brownie,1,150,20,Lucknow,Card,Delivered
1280,2024-12-02,Vanilla Cupcake,5,100,5,Delhi,UPI,Delivered
1281,2024-12-24,Jar Cake,1,250,15,Mumbai,UPI,Delivered
1282,2025-04-18,Jar Cake,2,250,20,Gurgaon,Cash on Delivery,Delivered
1283,2025-03-08,Jar Cake,3,250,10,Kanpur,UPI,Delivered
1284,2025-02-16,Chocolate Truffle,2,300,20,Mumbai,Cash on Delivery,Cancelled
1285,2025-01-30,Brownie,5,150,0,Delhi,Cash on Delivery,Cancelled
1286,2025-01-05,Chocolate Cake,2,400,5,Mumbai,Online,Delivered
1287,2025-04-30,Chocolate Truffle,4,300,20,Gurgaon,Online,Delivered
1288,2025-03-23,Choco Chip Cookie,4,80,20,Gurgaon,Online,Delivered
1289,2024-11-08,Vanilla Cupcake,2,100,5,Delhi,Online,Delivered
1290,2025-03-19,Brownie,1,150,15,Kanpur,UPI,Delivered
1291,2024-12-19,Vanilla Cupcake,1,100,0,Gurgaon,Card,Pending
1292,2025-03-22,Vanilla Cupcake,2,100,5,Lucknow,UPI,Cancelled
1293,2025-04-13,Choco Chip Cookie,1,80,5,Kanpur,UPI,Delivered
1294,2025-01-31,Vanilla Cupcake,3,100,20,Gurgaon,Card,Delivered
1295,2025-01-20,Chocolate Truffle,2,300,20,Noida,UPI,Delivered
1296,2024-11-22,Chocolate Truffle,2,300,5,Noida,Online,Delivered
1297,2025-02-13,Chocolate Cake,2,400,20,Gurgaon,Cash on Delivery,Delivered
1298,2024-11-11,Vanilla Cupcake,4,100,10,Kanpur,Online,Delivered
1299,2025-03-11,Vanilla Cupcake,1,100,15,Mumbai,Online,Delivered
1300,2024-12-20,Brownie,5,150,0,Delhi,Online,Delivered
1301,2025-02-12,Chocolate Truffle,2,300,10,Kanpur,Cash on Delivery,Delivered
1302,2025-01-04,Chocolate Truffle,4,300,5,Noida,Cash on Delivery,Delivered
1303,2025-02-12,Chocolate Cake,1,400,15,Mumbai,Online,Delivered
1304,2025-01-07,Choco Chip Cookie,3,80,5,Mumbai,Cash on Delivery,Delivered
1305,2024-12-05,Chocolate Cake,5,400,10,Mumbai,Online,Delivered
1306,2025-03-08,Choco Chip Cookie,3,80,20,Mumbai,Card,Delivered
1307,2025-04-30,Vanilla Cupcake,5,100,5,Mumbai,Card,Delivered
1308,2024-11-13,Brownie,1,150,10,Lucknow,Cash on Delivery,Delivered
1309,2024-11-17,Choco Chip Cookie,2,80,0,Noida,Card,Delivered
1310,2025-02-10,Jar Cake,2,250,5,Noida,Online,Delivered
1311,2025-03-07,Brownie,2,150,5,Mumbai,Card,Delivered
1312,2025-03-18,Vanilla Cupcake,5,100,5,Lucknow,Cash on Delivery,Delivered
1313,2025-02-20,Choco Chip Cookie,1,80,10,Gurgaon,Card,Delivered
1314,2025-01-20,Vanilla Cupcake,2,100,20,Kanpur,Online,Delivered
1315,2024-11-15,Chocolate Cake,1,400,5,Lucknow,Online,Delivered
1316,2025-04-07,Choco Chip Cookie,3,80,10,Mumbai,Card,Delivered
1317,2024-11-20,Choco Chip Cookie,3,80,5,Lucknow,UPI,Delivered
1318,2025-02-25,Vanilla Cupcake,2,100,5,Gurgaon,Card,Delivered
1319,2024-12-06,Vanilla Cupcake,2,100,15,Lucknow,Online,Delivered
1320,2025-02-19,Chocolate Cake,1,400,20,Noida,UPI,Delivered
1321,2025-01-07,Brownie,1,150,10,Kanpur,Cash on Delivery,Delivered
1322,2024-12-15,Jar Cake,3,250,5,Gurgaon,Card,Delivered
1323,2025-01-06,Jar Cake,2,250,10,Gurgaon,Online,Delivered
1324,2025-04-22,Chocolate Truffle,2,300,15,Delhi,UPI,Delivered
1325,2025-02-13,Chocolate Truffle,3,300,0,Kanpur,Online,Delivered
1326,2025-03-09,Vanilla Cupcake,2,100,5,Kanpur,Online,Pending
1327,2024-12-27,Jar Cake,4,250,0,Delhi,Card,Pending
1328,2024-11-13,Choco Chip Cookie,2,80,10,Delhi,Card,Delivered
1329,2024-12-12,Choco Chip Cookie,5,80,20,Noida,Cash on Delivery,Pending
1330,2025-02-23,Chocolate Truffle,5,300,15,Mumbai,Cash on Delivery,Delivered
1331,2025-02-10,Chocolate Cake,1,400,5,Kanpur,Online,Delivered
1332,2024-11-07,Jar Cake,4,250,20,Noida,Card,Delivered
1333,2024-11-26,Choco Chip Cookie,5,80,5,Lucknow,Card,Delivered
1334,2025-03-17,Chocolate Cake,5,400,10,Gurgaon,Online,Delivered
1335,2025-01-14,Choco Chip Cookie,5,80,5,Delhi,UPI,Delivered
1336,2024-12-04,Chocolate Cake,1,400,0,Mumbai,Online,Delivered
1337,2025-03-12,Jar Cake,5,250,0,Gurgaon,Online,Delivered
1338,2025-01-12,Vanilla Cupcake,5,100,10,Lucknow,Cash on Delivery,Delivered
1339,2024-11-27,Brownie,4,150,20,Noida,UPI,Delivered
1340,2025-01-31,Choco Chip Cookie,5,80,5,Kanpur,Cash on Delivery,Delivered
1341,2025-04-24,Jar Cake,3,250,20,Gurgaon,UPI,Delivered
1342,2025-02-06,Chocolate Truffle,5,300,0,Kanpur,Online,Delivered
1343,2024-11-04,Brownie,4,150,20,Noida,Cash on Delivery,Delivered
1344,2025-01-25,Chocolate Truffle,2,300,20,Delhi,UPI,Pending
1345,2025-01-11,Vanilla Cupcake,1,100,5,Delhi,UPI,Delivered
1346,2025-01-21,Chocolate Cake,1,400,10,Kanpur,Card,Delivered
1347,2024-12-09,Vanilla Cupcake,1,100,15,Lucknow,UPI,Delivered
1348,2025-01-07,Chocolate Truffle,4,300,5,Lucknow,Card,Delivered
1349,2025-01-05,Vanilla Cupcake,5,100,5,Gurgaon,Card,Delivered
1350,2024-12-06,Vanilla Cupcake,2,100,0,Gurgaon,Card,Delivered
1351,2025-01-20,Choco Chip Cookie,3,80,15,Gurgaon,Cash on Delivery,Cancelled
1352,2024-11-30,Chocolate Cake,3,400,0,Gurgaon,Card,Delivered
1353,2024-12-12,Vanilla Cupcake,4,100,20,Gurgaon,Cash on Delivery,Pending
1354,2024-12-14,Brownie,3,150,20,Mumbai,UPI,Delivered
1355,2025-02-17,Chocolate Truffle,3,300,0,Lucknow,Cash on Delivery,Delivered
1356,2024-12-16,Brownie,4,150,5,Mumbai,Card,Delivered
1357,2025-03-16,Chocolate Truffle,5,300,15,Noida,UPI,Delivered
1358,2024-11-09,Vanilla Cupcake,2,100,20,Mumbai,UPI,Delivered
1359,2025-03-26,Choco Chip Cookie,1,80,0,Kanpur,Online,Delivered
1360,2025-03-03,Choco Chip Cookie,3,80,0,Noida,Card,Delivered
1361,2025-03-20,Vanilla Cupcake,4,100,15,Noida,Cash on Delivery,Delivered
1362,2024-11-03,Chocolate Cake,3,400,5,Mumbai,UPI,Delivered
1363,2024-11-06,Brownie,3,150,20,Noida,Card,Delivered
1364,2025-03-27,Choco Chip Cookie,2,80,20,Kanpur,Online,Pending
1365,2025-02-06,Brownie,5,150,15,Kanpur,Online,Delivered
1366,2024-11-11,Chocolate Cake,4,400,20,Kanpur,UPI,Delivered
1367,2025-01-12,Jar Cake,1,250,10,Lucknow,Card,Delivered
1368,2025-02-17,Chocolate Truffle,4,300,0,Mumbai,Cash on Delivery,Delivered
1369,2025-01-16,Chocolate Cake,2,400,10,Mumbai,Card,Delivered
1370,2025-04-01,Brownie,5,150,5,Lucknow,Online,Delivered
1371,2024-12-23,Vanilla Cupcake,1,100,20,Gurgaon,UPI,Delivered
1372,2025-02-22,Choco Chip Cookie,4,80,5,Noida,UPI,Pending
1373,2025-01-27,Vanilla Cupcake,2,100,20,Gurgaon,UPI,Delivered
1374,2025-03-17,Brownie,3,150,15,Gurgaon,UPI,Delivered
1375,2025-04-04,Chocolate Cake,4,400,0,Lucknow,UPI,Delivered
1376,2025-02-12,Vanilla Cupcake,2,100,0,Lucknow,Cash on Delivery,Delivered
1377,2024-12-16,Vanilla Cupcake,2,100,20,Lucknow,Card,Delivered
1378,2024-12-20,Vanilla Cupcake,5,100,10,Gurgaon,Card,Delivered
1379,2025-01-31,Chocolate Cake,5,400,0,Lucknow,Card,Delivered
1380,2024-12-23,Brownie,3,150,0,Noida,Cash on Delivery,Delivered
1381,2024-12-19,Chocolate Cake,3,400,15,Mumbai,Online,Delivered
1382,2025-01-18,Brownie,3,150,15,Mumbai,UPI,Delivered
1383,2025-04-27,Chocolate Cake,4,400,20,Gurgaon,Cash on Delivery,Delivered
1384,2025-03-08,Vanilla Cupcake,1,100,5,Gurgaon,Card,Delivered
1385,2025-03-01,Choco Chip Cookie,5,80,5,Delhi,Card,Delivered
1386,2025-01-05,Jar Cake,2,250,20,Delhi,Card,Delivered
1387,2025-01-30,Chocolate Truffle,4,300,5,Noida,UPI,Delivered
1388,2025-01-30,Choco Chip Cookie,2,80,10,Mumbai,Online,Delivered
1389,2025-02-21,Choco Chip Cookie,3,80,0,Delhi,Online,Delivered
1390,2025-01-12,Chocolate Truffle,4,300,5,Noida,Online,Delivered
1391,2024-11-04,Vanilla Cupcake,1,100,15,Gurgaon,Cash on Delivery,Delivered
1392,2025-03-03,Chocolate Truffle,2,300,20,Delhi,Online,Pending
1393,2024-11-21,Choco Chip Cookie,1,80,20,Lucknow,UPI,Delivered
1394,2024-11-15,Jar Cake,2,250,20,Kanpur,Card,Delivered
1395,2025-03-02,Jar Cake,5,250,5,Noida,UPI,Delivered
1396,2025-01-18,Jar Cake,1,250,0,Kanpur,UPI,Delivered
1397,2025-01-13,Brownie,3,150,20,Kanpur,Cash on Delivery,Delivered
1398,2025-04-18,Brownie,5,150,5,Kanpur,Card,Delivered
1399,2024-12-01,Chocolate Cake,4,400,5,Noida,UPI,Delivered
1400,2025-03-28,Brownie,5,150,20,Kanpur,Cash on Delivery,Delivered
1401,2024-11-24,Choco Chip Cookie,5,80,20,Delhi,Cash on Delivery,Pending
1402,2025-01-05,Brownie,1,150,15,Kanpur,Cash on Delivery,Delivered
1403,2024-11-28,Chocolate Truffle,5,300,5,Lucknow,Cash on Delivery,Delivered
1404,2025-04-21,Chocolate Truffle,3,300,10,Gurgaon,Online,Delivered
1405,2024-12-21,Vanilla Cupcake,3,100,0,Noida,Online,Delivered
1406,2025-04-11,Chocolate Cake,3,400,10,Gurgaon,Online,Delivered
1407,2025-01-13,Brownie,3,150,10,Kanpur,Online,Delivered
1408,2025-04-21,Chocolate Truffle,2,300,5,Delhi,Card,Delivered
1409,2025-04-01,Brownie,3,150,10,Delhi,Card,Delivered
1410,2025-04-08,Vanilla Cupcake,1,100,20,Mumbai,Online,Delivered
1411,2025-02-27,Choco Chip Cookie,4,80,0,Lucknow,Cash on Delivery,Delivered
1412,2025-02-12,Chocolate Truffle,1,300,10,Delhi,Card,Delivered
1413,2024-11-25,Brownie,3,150,10,Kanpur,Cash on Delivery,Delivered
1414,2025-03-24,Jar Cake,2,250,15,Noida,UPI,Delivered
1415,2025-03-20,Jar Cake,5,250,5,Mumbai,Card,Delivered
1416,2025-01-11,Brownie,2,150,15,Delhi,Card,Delivered
1417,2025-01-12,Jar Cake,2,250,20,Gurgaon,Cash on Delivery,Delivered
1418,2025-02-20,Chocolate Cake,5,400,20,Lucknow,UPI,Delivered
1419,2025-03-14,Brownie,2,150,10,Noida,Online,Delivered
1420,2025-04-17,Jar Cake,2,250,0,Lucknow,Card,Delivered
1421,2025-02-12,Chocolate Truffle,4,300,20,Gurgaon,UPI,Delivered
1422,2025-03-16,Choco Chip Cookie,1,80,5,Noida,Online,Delivered
1423,2025-03-22,Brownie,1,150,20,Lucknow,Cash on Delivery,Delivered
1424,2024-12-10,Brownie,3,150,5,Noida,UPI,Cancelled
1425,2024-12-18,Chocolate Cake,5,400,20,Delhi,Online,Delivered
1426,2024-12-27,Chocolate Cake,1,400,5,Mumbai,Cash on Delivery,Delivered
1427,2025-03-25,Chocolate Cake,5,400,10,Gurgaon,UPI,Delivered
1428,2025-02-16,Vanilla Cupcake,2,100,10,Delhi,Online,Delivered
1429,2025-02-21,Choco Chip Cookie,3,80,0,Delhi,Cash on Delivery,Delivered
1430,2025-02-03,Choco Chip Cookie,3,80,10,Lucknow,UPI,Pending
1431,2024-11-02,Choco Chip Cookie,5,80,10,Delhi,UPI,Delivered
1432,2025-01-27,Brownie,1,150,10,Kanpur,Cash on Delivery,Delivered
1433,2025-03-30,Brownie,5,150,20,Delhi,UPI,Delivered
1434,2025-04-21,Chocolate Cake,3,400,15,Gurgaon,Cash on Delivery,Delivered
1435,2024-12-20,Vanilla Cupcake,3,100,0,Delhi,Cash on Delivery,Delivered
1436,2025-01-05,Brownie,2,150,15,Noida,Online,Delivered
1437,2025-03-28,Brownie,3,150,0,Lucknow,Card,Delivered
1438,2024-12-16,Vanilla Cupcake,3,100,20,Kanpur,Online,Pending
1439,2024-12-25,Vanilla Cupcake,1,100,0,Kanpur,Online,Delivered
1440,2025-03-09,Chocolate Cake,1,400,10,Kanpur,Online,Delivered
1441,2024-11-25,Jar Cake,2,250,5,Delhi,Online,Delivered
1442,2025-02-18,Brownie,5,150,5,Mumbai,Online,Delivered
1443,2025-01-25,Choco Chip Cookie,3,80,0,Mumbai,Cash on Delivery,Delivered
1444,2024-11-13,Chocolate Cake,1,400,20,Delhi,Online,Delivered
1445,2024-11-16,Jar Cake,1,250,5,Mumbai,Online,Delivered
1446,2025-04-02,Chocolate Truffle,4,300,10,Kanpur,UPI,Delivered
1447,2024-12-21,Chocolate Truffle,3,300,5,Mumbai,Card,Delivered
1448,2025-01-26,Jar Cake,5,250,20,Mumbai,Card,Delivered
1449,2024-12-22,Chocolate Cake,1,400,15,Kanpur,Online,Delivered
1450,2025-02-09,Jar Cake,5,250,15,Kanpur,Card,Delivered
1451,2025-04-10,Vanilla Cupcake,2,100,10,Noida,Cash on Delivery,Pending
1452,2025-04-16,Chocolate Truffle,3,300,20,Lucknow,Card,Delivered
1453,2025-04-19,Vanilla Cupcake,2,100,20,Delhi,Online,Delivered
1454,2024-11-27,Jar Cake,5,250,0,Lucknow,Cash on Delivery,Delivered
1455,2025-01-13,Brownie,2,150,15,Gurgaon,Online,Pending
1456,2024-11-29,Brownie,1,150,20,Kanpur,UPI,Delivered
1457,2025-01-09,Chocolate Truffle,5,300,5,Gurgaon,Cash on Delivery,Pending
1458,2024-11-09,Vanilla Cupcake,2,100,0,Mumbai,Online,Delivered
1459,2025-01-02,Vanilla Cupcake,1,100,5,Mumbai,Cash on Delivery,Delivered
1460,2024-12-16,Brownie,2,150,10,Gurgaon,Cash on Delivery,Delivered
1461,2024-11-27,Choco Chip Cookie,3,80,10,Noida,Online,Delivered
1462,2025-02-21,Jar Cake,2,250,10,Noida,Online,Delivered
1463,2024-11-08,Vanilla Cupcake,5,100,10,Noida,Card,Delivered
1464,2025-01-19,Choco Chip Cookie,5,80,20,Gurgaon,UPI,Delivered
1465,2025-04-25,Choco Chip Cookie,1,80,0,Delhi,Online,Delivered
1466,2025-02-03,Chocolate Cake,3,400,5,Lucknow,Card,Pending
1467,2025-01-12,Choco Chip Cookie,3,80,0,Kanpur,Cash on Delivery,Delivered
1468,2025-04-29,Choco Chip Cookie,4,80,5,Mumbai,Online,Delivered
1469,2025-02-27,Chocolate Truffle,1,300,5,Lucknow,Online,Delivered
1470,2025-01-06,Jar Cake,3,250,10,Delhi,UPI,Delivered
1471,2024-12-21,Vanilla Cupcake,5,100,0,Gurgaon,Card,Delivered
1472,2025-01-06,Choco Chip Cookie,5,80,20,Noida,Online,Delivered
1473,2025-03-24,Vanilla Cupcake,3,100,20,Kanpur,UPI,Delivered
1474,2024-11-08,Choco Chip Cookie,3,80,10,Noida,Cash on Delivery,Delivered
1475,2024-12-19,Vanilla Cupcake,4,100,20,Lucknow,Card,Delivered
1476,2025-02-14,Choco Chip Cookie,4,80,5,Mumbai,Card,Pending
1477,2024-11-04,Brownie,5,150,20,Mumbai,Card,Delivered
1478,2025-03-11,Vanilla Cupcake,4,100,10,Noida,Card,Delivered
1479,2024-12-06,Chocolate Cake,1,400,15,Delhi,Card,Delivered
1480,2025-03-22,Jar Cake,4,250,0,Mumbai,UPI,Delivered
1481,2025-02-01,Choco Chip Cookie,5,80,5,Lucknow,UPI,Delivered
1482,2024-11-09,Vanilla Cupcake,3,100,20,Lucknow,Online,Delivered
1483,2024-12-05,Chocolate Truffle,4,300,10,Lucknow,Online,Delivered
1484,2025-01-08,Chocolate Truffle,1,300,5,Kanpur,Cash on Delivery,Delivered
1485,2025-01-29,Jar Cake,3,250,5,Kanpur,Card,Pending
1486,2025-02-17,Chocolate Truffle,3,300,5,Kanpur,Cash on Delivery,Delivered
1487,2025-01-06,Chocolate Cake,4,400,15,Gurgaon,UPI,Delivered
1488,2025-01-06,Brownie,2,150,10,Delhi,Cash on Delivery,Delivered
1489,2025-02-07,Chocolate Truffle,2,300,5,Kanpur,Online,Delivered
1490,2025-01-18,Jar Cake,3,250,10,Lucknow,Cash on Delivery,Delivered
1491,2024-12-29,Chocolate Cake,1,400,15,Gurgaon,UPI,Delivered
1492,2025-01-31,Choco Chip Cookie,5,80,10,Mumbai,Online,Delivered
1493,2024-11-08,Chocolate Cake,3,400,5,Mumbai,Card,Delivered
1494,2025-02-19,Vanilla Cupcake,4,100,15,Delhi,Online,Delivered
1495,2025-02-19,Chocolate Cake,1,400,20,Mumbai,Online,Delivered
1496,2025-04-11,Vanilla Cupcake,5,100,0,Delhi,Cash on Delivery,Delivered
1497,2025-04-01,Choco Chip Cookie,3,80,20,Lucknow,UPI,Delivered
1498,2025-04-10,Jar Cake,5,250,5,Delhi,UPI,Delivered
1499,2025-04-25,Choco Chip Cookie,3,80,10,Noida,Online,Delivered
1500,2025-03-19,Choco Chip Cookie,3,80,0,Delhi,Cash on Delivery,Delivered
1501,2024-12-16,Brownie,5,150,20,Delhi,UPI,Delivered
1502,2024-11-12,Jar Cake,2,250,15,Mumbai,Online,Delivered
1503,2024-11-12,Brownie,4,150,5,Mumbai,Online,Delivered
1504,2025-02-06,Chocolate Truffle,2,300,10,Mumbai,Online,Cancelled
1505,2025-01-23,Choco Chip Cookie,5,80,15,Noida,Cash on Delivery,Delivered
1506,2025-01-08,Chocolate Cake,2,400,10,Kanpur,Card,Delivered
1507,2024-11-23,Vanilla Cupcake,1,100,5,Lucknow,UPI,Delivered
1508,2025-02-11,Vanilla Cupcake,2,100,20,Delhi,UPI,Delivered
1509,2024-12-04,Chocolate Cake,2,400,20,Delhi,Card,Delivered
1510,2024-12-09,Brownie,5,150,20,Gurgaon,Online,Delivered
1511,2025-03-15,Jar Cake,5,250,20,Kanpur,Card,Delivered
1512,2025-04-04,Vanilla Cupcake,2,100,10,Noida,UPI,Delivered
1513,2024-12-04,Jar Cake,3,250,10,Kanpur,Cash on Delivery,Delivered
1514,2024-12-13,Choco Chip Cookie,3,80,20,Mumbai,Cash on Delivery,Delivered
1515,2025-02-18,Chocolate Truffle,2,300,20,Noida,Cash on Delivery,Delivered
1516,2025-04-27,Chocolate Truffle,5,300,0,Delhi,Online,Delivered
1517,2024-11-04,Chocolate Cake,1,400,20,Noida,Online,Delivered
1518,2025-02-16,Choco Chip Cookie,4,80,5,Delhi,Online,Delivered
1519,2025-01-13,Jar Cake,1,250,20,Delhi,Online,Delivered
1520,2024-11-26,Chocolate Cake,1,400,20,Gurgaon,Online,Delivered
1521,2025-03-10,Choco Chip Cookie,3,80,20,Gurgaon,UPI,Delivered
1522,2025-02-18,Chocolate Truffle,1,300,20,Gurgaon,Cash on Delivery,Delivered
1523,2024-12-28,Chocolate Cake,1,400,5,Noida,Cash on Delivery,Delivered
1524,2025-02-03,Jar Cake,3,250,15,Mumbai,UPI,Delivered
1525,2024-12-17,Chocolate Truffle,4,300,5,Delhi,UPI,Delivered
1526,2025-01-11,Brownie,1,150,0,Gurgaon,Online,Delivered
1527,2025-03-18,Jar Cake,2,250,15,Gurgaon,Card,Delivered
1528,2025-01-09,Chocolate Truffle,3,300,10,Kanpur,Online,Delivered
1529,2025-03-28,Chocolate Cake,2,400,5,Mumbai,Cash on Delivery,Delivered
1530,2025-02-27,Jar Cake,5,250,0,Kanpur,Cash on Delivery,Delivered
1531,2024-12-03,Chocolate Cake,3,400,20,Mumbai,UPI,Delivered
1532,2024-12-30,Brownie,1,150,10,Kanpur,UPI,Delivered
1533,2025-03-20,Chocolate Cake,5,400,5,Kanpur,UPI,Delivered
1534,2025-01-05,Choco Chip Cookie,4,80,5,Gurgaon,UPI,Delivered
1535,2024-11-21,Vanilla Cupcake,5,100,10,Delhi,UPI,Delivered
1536,2025-02-28,Chocolate Truffle,5,300,15,Gurgaon,Card,Delivered
1537,2024-12-27,Vanilla Cupcake,2,100,5,Mumbai,UPI,Delivered
1538,2025-01-04,Chocolate Truffle,1,300,0,Kanpur,Online,Delivered
1539,2025-02-09,Vanilla Cupcake,3,100,15,Kanpur,Online,Cancelled
1540,2025-03-08,Choco Chip Cookie,4,80,15,Noida,Online,Delivered
1541,2025-04-25,Vanilla Cupcake,5,100,0,Gurgaon,Card,Delivered
1542,2024-12-10,Chocolate Truffle,5,300,20,Lucknow,UPI,Cancelled
1543,2025-03-27,Chocolate Cake,2,400,10,Kanpur,Cash on Delivery,Delivered
1544,2024-12-08,Chocolate Truffle,1,300,15,Noida,UPI,Delivered
1545,2025-02-08,Chocolate Cake,1,400,20,Kanpur,UPI,Delivered
1546,2024-12-02,Vanilla Cupcake,4,100,20,Delhi,Online,Delivered
1547,2025-02-09,Chocolate Cake,4,400,0,Lucknow,Cash on Delivery,Delivered
1548,2024-12-08,Jar Cake,2,250,20,Mumbai,Card,Delivered
1549,2025-03-26,Chocolate Truffle,2,300,5,Kanpur,Card,Delivered
1550,2025-01-28,Jar Cake,4,250,15,Mumbai,UPI,Delivered
1551,2025-03-30,Vanilla Cupcake,5,100,10,Lucknow,Card,Delivered
1552,2025-02-25,Jar Cake,5,250,0,Kanpur,UPI,Delivered
1553,2025-04-07,Choco Chip Cookie,4,80,20,Lucknow,Cash on Delivery,Delivered
1554,2025-02-02,Choco Chip Cookie,4,80,5,Noida,UPI,Delivered
1555,2025-01-04,Chocolate Cake,1,400,20,Mumbai,Card,Delivered
1556,2025-03-23,Vanilla Cupcake,3,100,15,Lucknow,Card,Delivered
1557,2025-01-23,Chocolate Cake,2,400,15,Lucknow,Card,Delivered
1558,2025-04-01,Chocolate Truffle,5,300,10,Noida,UPI,Delivered
1559,2025-01-06,Choco Chip Cookie,1,80,15,Kanpur,Cash on Delivery,Delivered
1560,2025-01-07,Choco Chip Cookie,4,80,0,Gurgaon,Online,Delivered
1561,2025-02-26,Brownie,3,150,0,Gurgaon,Cash on Delivery,Delivered
1562,2024-12-31,Choco Chip Cookie,3,80,5,Lucknow,Card,Delivered
1563,2025-04-30,Choco Chip Cookie,5,80,10,Delhi,Card,Delivered
1564,2025-01-30,Choco Chip Cookie,3,80,0,Gurgaon,UPI,Delivered
1565,2025-01-25,Jar Cake,4,250,0,Noida,Cash on Delivery,Delivered
1566,2024-11-12,Chocolate Cake,5,400,0,Lucknow,Online,Delivered
1567,2025-04-19,Vanilla Cupcake,4,100,20,Mumbai,Cash on Delivery,Pending
1568,2025-04-21,Jar Cake,5,250,15,Mumbai,Card,Delivered
1569,2025-04-22,Vanilla Cupcake,4,100,20,Gurgaon,Cash on Delivery,Pending
1570,2025-04-03,Chocolate Cake,4,400,5,Gurgaon,UPI,Delivered
1571,2025-04-27,Choco Chip Cookie,1,80,15,Gurgaon,Card,Delivered
1572,2025-03-30,Chocolate Cake,1,400,10,Delhi,Online,Delivered
1573,2024-12-12,Choco Chip Cookie,2,80,10,Mumbai,UPI,Delivered
1574,2024-12-20,Chocolate Truffle,2,300,20,Delhi,Cash on Delivery,Delivered
1575,2024-12-16,Vanilla Cupcake,1,100,10,Kanpur,Card,Delivered
1576,2025-03-21,Vanilla Cupcake,3,100,5,Noida,Cash on Delivery,Delivered
1577,2024-12-04,Jar Cake,1,250,15,Gurgaon,Card,Delivered
1578,2024-12-04,Jar Cake,4,250,20,Delhi,Card,Delivered
1579,2025-04-24,Choco Chip Cookie,1,80,15,Mumbai,Online,Delivered
1580,2025-04-04,Chocolate Truffle,2,300,10,Lucknow,Online,Delivered
1581,2025-03-15,Chocolate Truffle,4,300,5,Mumbai,Card,Delivered
1582,2024-12-19,Brownie,1,150,20,Mumbai,Cash on Delivery,Cancelled
1583,2025-03-11,Jar Cake,5,250,0,Lucknow,Card,Delivered
1584,2024-11-18,Vanilla Cupcake,1,100,0,Gurgaon,Online,Delivered
1585,2025-01-28,Brownie,5,150,0,Gurgaon,UPI,Delivered
1586,2025-02-13,Choco Chip Cookie,4,80,10,Delhi,Online,Delivered
1587,2025-02-04,Chocolate Truffle,5,300,15,Delhi,Online,Delivered
1588,2025-03-12,Choco Chip Cookie,2,80,10,Lucknow,Cash on Delivery,Delivered
1589,2025-01-10,Brownie,1,150,0,Lucknow,UPI,Delivered
1590,2025-03-26,Chocolate Cake,2,400,15,Kanpur,Cash on Delivery,Delivered
1591,2025-03-15,Choco Chip Cookie,4,80,10,Delhi,UPI,Delivered
1592,2025-02-27,Vanilla Cupcake,2,100,5,Gurgaon,Online,Delivered
1593,2025-01-09,Chocolate Truffle,1,300,0,Delhi,Card,Delivered
1594,2025-01-18,Choco Chip Cookie,2,80,0,Kanpur,Cash on Delivery,Delivered
1595,2025-02-03,Chocolate Cake,4,400,5,Kanpur,Card,Cancelled
1596,2025-03-01,Jar Cake,2,250,20,Kanpur,UPI,Pending
1597,2025-01-18,Chocolate Cake,3,400,10,Mumbai,Card,Cancelled
1598,2024-11-06,Chocolate Cake,4,400,0,Lucknow,Online,Delivered
1599,2025-02-24,Choco Chip Cookie,5,80,5,Noida,UPI,Delivered
1600,2024-12-18,Choco Chip Cookie,3,80,15,Mumbai,Cash on Delivery,Delivered
1601,2025-01-09,Brownie,1,150,15,Delhi,Cash on Delivery,Delivered
1602,2025-03-14,Choco Chip Cookie,2,80,20,Delhi,Online,Delivered
1603,2025-04-28,Choco Chip Cookie,4,80,10,Delhi,Cash on Delivery,Delivered
1604,2025-04-25,Choco Chip Cookie,4,80,10,Kanpur,Online,Pending
1605,2025-03-26,Chocolate Truffle,3,300,0,Gurgaon,Card,Delivered
1606,2024-11-01,Choco Chip Cookie,3,80,10,Gurgaon,UPI,Delivered
1607,2025-04-01,Chocolate Truffle,5,300,20,Delhi,UPI,Delivered
1608,2024-12-25,Vanilla Cupcake,2,100,20,Gurgaon,UPI,Delivered
1609,2025-04-05,Brownie,2,150,5,Mumbai,Card,Delivered
1610,2024-12-25,Brownie,3,150,0,Delhi,Online,Pending
1611,2024-11-19,Choco Chip Cookie,3,80,20,Delhi,Cash on Delivery,Delivered
1612,2024-11-24,Chocolate Cake,1,400,10,Lucknow,Cash on Delivery,Delivered
1613,2025-04-06,Chocolate Cake,3,400,20,Gurgaon,Online,Pending
1614,2025-03-07,Jar Cake,2,250,5,Gurgaon,Online,Delivered
1615,2025-02-18,Choco Chip Cookie,4,80,10,Mumbai,UPI,Delivered
1616,2024-12-20,Brownie,5,150,20,Delhi,Card,Delivered
1617,2024-11-18,Jar Cake,5,250,20,Gurgaon,Card,Delivered
1618,2025-01-03,Brownie,5,150,5,Gurgaon,Online,Delivered
1619,2025-01-09,Choco Chip Cookie,4,80,20,Mumbai,Online,Delivered
1620,2025-04-21,Chocolate Cake,4,400,20,Delhi,Cash on Delivery,Delivered
1621,2025-02-16,Choco Chip Cookie,4,80,10,Kanpur,Card,Delivered
1622,2025-01-29,Chocolate Cake,3,400,5,Delhi,UPI,Delivered
1623,2025-04-02,Jar Cake,3,250,20,Kanpur,UPI,Delivered
1624,2025-03-18,Choco Chip Cookie,4,80,10,Noida,Cash on Delivery,Delivered
1625,2024-12-11,Chocolate Cake,5,400,20,Noida,UPI,Delivered
1626,2025-03-21,Chocolate Cake,4,400,20,Delhi,UPI,Delivered
1627,2025-02-27,Vanilla Cupcake,3,100,10,Noida,Card,Delivered
1628,2025-04-20,Chocolate Truffle,1,300,20,Kanpur,Online,Cancelled
1629,2025-04-04,Jar Cake,5,250,0,Noida,Cash on Delivery,Delivered
1630,2025-01-27,Brownie,2,150,15,Kanpur,Cash on Delivery,Delivered
1631,2024-11-11,Choco Chip Cookie,3,80,10,Delhi,UPI,Delivered
1632,2025-03-04,Chocolate Truffle,2,300,15,Delhi,Cash on Delivery,Delivered
1633,2024-12-16,Jar Cake,3,250,0,Lucknow,UPI,Pending
1634,2024-11-12,Brownie,4,150,10,Kanpur,Card,Delivered
1635,2025-03-27,Jar Cake,4,250,20,Delhi,UPI,Delivered
1636,2025-01-07,Choco Chip Cookie,5,80,15,Kanpur,Online,Delivered
1637,2025-01-24,Brownie,4,150,15,Mumbai,Card,Delivered
1638,2025-01-09,Brownie,2,150,0,Gurgaon,Card,Delivered
1639,2024-12-28,Jar Cake,2,250,10,Delhi,Online,Delivered
1640,2025-02-16,Choco Chip Cookie,2,80,20,Mumbai,UPI,Delivered
1641,2024-11-16,Brownie,1,150,20,Gurgaon,Card,Delivered
1642,2025-02-11,Brownie,4,150,5,Lucknow,Card,Delivered
1643,2025-04-21,Vanilla Cupcake,5,100,20,Kanpur,Cash on Delivery,Delivered
1644,2025-04-29,Jar Cake,4,250,10,Kanpur,UPI,Delivered
1645,2025-04-14,Vanilla Cupcake,2,100,10,Delhi,UPI,Delivered
1646,2024-12-17,Brownie,1,150,15,Kanpur,Card,Delivered
1647,2025-01-01,Chocolate Truffle,5,300,0,Mumbai,Card,Delivered
1648,2025-02-07,Chocolate Truffle,1,300,15,Gurgaon,Online,Delivered
1649,2024-11-15,Choco Chip Cookie,5,80,5,Kanpur,Online,Delivered
1650,2025-02-03,Chocolate Cake,5,400,0,Lucknow,Card,Pending
1651,2025-03-09,Choco Chip Cookie,3,80,5,Delhi,UPI,Delivered
1652,2024-11-05,Vanilla Cupcake,1,100,0,Kanpur,Online,Delivered
1653,2024-11-07,Chocolate Truffle,2,300,10,Kanpur,Card,Delivered
1654,2025-02-24,Brownie,3,150,5,Gurgaon,Card,Delivered
1655,2025-01-28,Chocolate Truffle,4,300,10,Kanpur,Card,Cancelled
1656,2025-03-17,Chocolate Cake,3,400,5,Delhi,Card,Delivered
1657,2025-01-27,Chocolate Truffle,1,300,20,Delhi,Online,Delivered
1658,2024-12-28,Jar Cake,4,250,20,Kanpur,Online,Delivered
1659,2025-02-10,Jar Cake,4,250,5,Noida,Card,Delivered
1660,2025-01-06,Vanilla Cupcake,2,100,15,Noida,Online,Delivered
1661,2025-03-05,Jar Cake,3,250,15,Mumbai,Cash on Delivery,Delivered
1662,2025-03-08,Vanilla Cupcake,3,100,0,Lucknow,Card,Delivered
1663,2025-03-24,Vanilla Cupcake,2,100,20,Kanpur,Card,Delivered
1664,2024-12-16,Choco Chip Cookie,3,80,0,Mumbai,UPI,Delivered
1665,2025-01-05,Choco Chip Cookie,2,80,20,Noida,Card,Pending
1666,2025-03-10,Brownie,2,150,10,Lucknow,Card,Delivered
1667,2024-12-03,Choco Chip Cookie,1,80,0,Lucknow,Cash on Delivery,Delivered
1668,2025-04-15,Jar Cake,1,250,20,Lucknow,Card,Delivered
1669,2025-04-12,Vanilla Cupcake,4,100,0,Gurgaon,Online,Delivered
1670,2024-12-17,Brownie,1,150,15,Kanpur,Cash on Delivery,Delivered
1671,2025-03-26,Chocolate Truffle,4,300,10,Delhi,Card,Delivered
1672,2025-02-03,Brownie,3,150,10,Kanpur,UPI,Delivered
1673,2025-04-27,Chocolate Cake,3,400,5,Lucknow,Online,Delivered
1674,2024-12-22,Jar Cake,3,250,15,Kanpur,Online,Delivered
1675,2024-12-20,Chocolate Truffle,2,300,5,Kanpur,Online,Delivered
1676,2025-04-11,Chocolate Truffle,5,300,5,Kanpur,Cash on Delivery,Delivered
1677,2025-01-24,Jar Cake,1,250,5,Delhi,Cash on Delivery,Delivered
1678,2025-04-24,Jar Cake,4,250,0,Gurgaon,Cash on Delivery,Delivered
1679,2025-03-31,Vanilla Cupcake,3,100,15,Mumbai,Online,Pending
1680,2025-01-03,Vanilla Cupcake,1,100,20,Mumbai,Cash on Delivery,Delivered
1681,2025-03-02,Chocolate Cake,2,400,15,Mumbai,UPI,Delivered
1682,2024-12-02,Chocolate Cake,3,400,10,Mumbai,Card,Delivered
1683,2025-02-21,Vanilla Cupcake,4,100,0,Gurgaon,UPI,Delivered
1684,2024-11-06,Chocolate Cake,5,400,10,Lucknow,Card,Delivered
1685,2025-01-28,Choco Chip Cookie,1,80,5,Gurgaon,Card,Delivered
1686,2025-02-08,Chocolate Truffle,4,300,15,Kanpur,Card,Delivered
1687,2024-12-16,Vanilla Cupcake,2,100,0,Mumbai,Cash on Delivery,Delivered
1688,2025-01-13,Jar Cake,5,250,15,Delhi,Online,Pending
1689,2025-03-10,Brownie,5,150,0,Gurgaon,Online,Pending
1690,2025-01-03,Chocolate Cake,2,400,15,Delhi,UPI,Delivered
1691,2025-04-29,Chocolate Cake,4,400,15,Kanpur,Online,Delivered
1692,2025-03-24,Chocolate Truffle,1,300,5,Delhi,UPI,Delivered
1693,2025-02-14,Jar Cake,3,250,5,Mumbai,UPI,Delivered
1694,2025-01-19,Chocolate Truffle,3,300,15,Kanpur,Card,Delivered
1695,2024-11-12,Choco Chip Cookie,1,80,15,Gurgaon,Online,Delivered
1696,2024-12-29,Chocolate Truffle,1,300,5,Gurgaon,Online,Delivered
1697,2024-11-15,Vanilla Cupcake,2,100,5,Mumbai,Cash on Delivery,Delivered
1698,2025-03-18,Choco Chip Cookie,3,80,10,Delhi,Online,Delivered
1699,2025-04-30,Chocolate Truffle,5,300,10,Mumbai,Online,Pending
1700,2025-01-24,Chocolate Truffle,3,300,15,Gurgaon,Cash on Delivery,Delivered
1701,2025-02-16,Vanilla Cupcake,2,100,10,Delhi,Online,Delivered
1702,2024-12-20,Chocolate Truffle,1,300,20,Delhi,UPI,Cancelled
1703,2024-12-11,Brownie,5,150,5,Lucknow,Card,Delivered
1704,2025-03-26,Chocolate Truffle,4,300,15,Delhi,UPI,Delivered
1705,2024-11-06,Brownie,1,150,20,Delhi,Cash on Delivery,Pending
1706,2025-04-14,Chocolate Truffle,1,300,10,Delhi,UPI,Delivered
1707,2025-02-18,Choco Chip Cookie,2,80,20,Kanpur,Online,Delivered
1708,2025-03-23,Vanilla Cupcake,4,100,15,Lucknow,Cash on Delivery,Delivered
1709,2025-02-20,Chocolate Cake,2,400,10,Gurgaon,UPI,Delivered
1710,2025-04-27,Chocolate Cake,2,400,5,Kanpur,Card,Delivered
1711,2025-01-14,Jar Cake,3,250,10,Delhi,UPI,Cancelled
1712,2024-11-15,Chocolate Cake,2,400,10,Mumbai,UPI,Pending
1713,2025-01-20,Chocolate Cake,1,400,10,Lucknow,Cash on Delivery,Delivered
1714,2025-03-30,Jar Cake,3,250,20,Noida,Cash on Delivery,Delivered
1715,2025-04-02,Chocolate Cake,2,400,15,Kanpur,Online,Delivered
1716,2025-02-10,Vanilla Cupcake,3,100,0,Noida,UPI,Delivered
1717,2025-02-01,Choco Chip Cookie,5,80,10,Kanpur,Cash on Delivery,Delivered
1718,2024-11-29,Chocolate Cake,4,400,10,Noida,Online,Pending
1719,2024-11-22,Brownie,2,150,10,Gurgaon,Cash on Delivery,Delivered
1720,2025-04-17,Jar Cake,2,250,0,Mumbai,Card,Delivered
1721,2025-01-22,Chocolate Cake,3,400,15,Delhi,UPI,Delivered
1722,2025-04-15,Choco Chip Cookie,4,80,0,Mumbai,Card,Delivered
1723,2025-03-04,Chocolate Truffle,1,300,5,Delhi,Online,Delivered
1724,2024-11-18,Chocolate Truffle,2,300,15,Kanpur,Cash on Delivery,Delivered
1725,2025-03-14,Chocolate Truffle,1,300,20,Delhi,Card,Delivered
1726,2025-04-08,Choco Chip Cookie,1,80,20,Lucknow,Card,Delivered
1727,2025-02-07,Chocolate Truffle,3,300,5,Lucknow,Card,Delivered
1728,2025-01-08,Chocolate Cake,4,400,5,Noida,UPI,Delivered
1729,2025-02-18,Choco Chip Cookie,1,80,20,Mumbai,UPI,Pending
1730,2025-01-04,Choco Chip Cookie,3,80,15,Gurgaon,UPI,Delivered
1731,2025-04-01,Chocolate Cake,3,400,15,Kanpur,Cash on Delivery,Delivered
1732,2024-11-10,Chocolate Truffle,2,300,5,Noida,Online,Delivered
1733,2025-03-23,Jar Cake,3,250,20,Mumbai,Cash on Delivery,Pending
1734,2025-02-17,Chocolate Truffle,1,300,20,Mumbai,Cash on Delivery,Delivered
1735,2024-12-20,Choco Chip Cookie,4,80,20,Gurgaon,Online,Delivered
1736,2024-11-14,Jar Cake,4,250,0,Lucknow,UPI,Pending
1737,2025-01-16,Choco Chip Cookie,5,80,15,Kanpur,UPI,Delivered
1738,2024-11-01,Jar Cake,2,250,0,Noida,UPI,Delivered
1739,2024-12-11,Chocolate Truffle,1,300,10,Gurgaon,UPI,Delivered
1740,2025-04-29,Jar Cake,1,250,10,Kanpur,Cash on Delivery,Delivered
1741,2025-02-22,Jar Cake,3,250,10,Noida,Online,Delivered
1742,2025-03-30,Brownie,4,150,5,Gurgaon,Cash on Delivery,Delivered
1743,2025-01-20,Chocolate Truffle,5,300,15,Lucknow,UPI,Delivered
1744,2025-01-27,Vanilla Cupcake,1,100,10,Gurgaon,Card,Delivered
1745,2025-02-07,Vanilla Cupcake,1,100,10,Gurgaon,Card,Delivered
1746,2025-02-23,Chocolate Cake,4,400,0,Delhi,UPI,Cancelled
1747,2025-03-14,Chocolate Truffle,2,300,15,Mumbai,Online,Delivered
1748,2024-12-04,Chocolate Cake,3,400,15,Delhi,UPI,Delivered
1749,2024-12-01,Brownie,3,150,10,Mumbai,UPI,Delivered
1750,2025-01-22,Choco Chip Cookie,1,80,20,Noida,Online,Delivered
1751,2024-11-23,Chocolate Cake,4,400,20,Delhi,Card,Delivered
1752,2025-04-28,Choco Chip Cookie,3,80,15,Mumbai,UPI,Delivered
1753,2025-02-03,Brownie,3,150,0,Lucknow,Cash on Delivery,Delivered
1754,2024-12-25,Jar Cake,2,250,20,Gurgaon,Card,Delivered
1755,2025-04-22,Vanilla Cupcake,5,100,15,Gurgaon,Cash on Delivery,Delivered
1756,2025-04-18,Choco Chip Cookie,2,80,0,Mumbai,Card,Cancelled
1757,2025-03-26,Brownie,5,150,20,Delhi,Card,Pending
1758,2025-03-07,Chocolate Truffle,5,300,10,Lucknow,UPI,Delivered
1759,2024-11-13,Chocolate Cake,5,400,0,Delhi,Cash on Delivery,Delivered
1760,2025-03-17,Vanilla Cupcake,3,100,15,Mumbai,Card,Delivered
1761,2025-02-16,Brownie,2,150,20,Gurgaon,Cash on Delivery,Delivered
1762,2025-03-12,Chocolate Cake,1,400,20,Lucknow,Online,Delivered
1763,2025-03-17,Chocolate Cake,1,400,15,Mumbai,Card,Delivered
1764,2025-03-21,Chocolate Truffle,5,300,20,Mumbai,Card,Delivered
1765,2025-01-26,Choco Chip Cookie,4,80,15,Kanpur,Online,Delivered
1766,2024-11-05,Choco Chip Cookie,4,80,20,Mumbai,Card,Delivered
1767,2025-02-01,Brownie,5,150,10,Gurgaon,Online,Delivered
1768,2024-11-22,Jar Cake,5,250,0,Kanpur,UPI,Delivered
1769,2025-04-19,Choco Chip Cookie,3,80,5,Noida,UPI,Delivered
1770,2024-12-18,Chocolate Truffle,3,300,10,Delhi,UPI,Pending
1771,2025-02-14,Jar Cake,4,250,20,Delhi,Online,Delivered
1772,2024-12-22,Choco Chip Cookie,5,80,0,Kanpur,Card,Delivered
1773,2025-04-25,Chocolate Truffle,5,300,10,Mumbai,Card,Delivered
1774,2024-11-26,Brownie,5,150,10,Lucknow,UPI,Cancelled
1775,2024-12-04,Brownie,2,150,15,Delhi,UPI,Delivered
1776,2024-11-07,Brownie,4,150,10,Mumbai,UPI,Delivered
1777,2025-01-15,Choco Chip Cookie,2,80,20,Mumbai,Online,Delivered
1778,2025-02-09,Brownie,1,150,20,Delhi,Cash on Delivery,Delivered
1779,2025-04-16,Chocolate Truffle,1,300,15,Lucknow,Online,Cancelled
1780,2024-11-25,Chocolate Truffle,5,300,15,Mumbai,Online,Delivered
1781,2025-04-19,Jar Cake,4,250,0,Noida,Card,Delivered
1782,2024-11-01,Chocolate Truffle,4,300,0,Gurgaon,Card,Delivered
1783,2024-12-03,Brownie,4,150,10,Delhi,UPI,Delivered
1784,2024-12-25,Chocolate Cake,4,400,5,Mumbai,Online,Delivered
1785,2024-12-14,Vanilla Cupcake,1,100,10,Gurgaon,Online,Delivered
1786,2025-03-07,Choco Chip Cookie,5,80,5,Gurgaon,UPI,Delivered
1787,2025-02-23,Brownie,3,150,10,Noida,UPI,Delivered
1788,2025-04-01,Chocolate Cake,4,400,10,Delhi,Cash on Delivery,Delivered
1789,2024-12-27,Vanilla Cupcake,4,100,15,Delhi,Cash on Delivery,Delivered
1790,2025-03-29,Brownie,4,150,20,Noida,Cash on Delivery,Delivered
1791,2025-03-19,Vanilla Cupcake,4,100,20,Gurgaon,Card,Delivered
1792,2025-02-11,Brownie,5,150,0,Noida,Cash on Delivery,Delivered
1793,2025-04-30,Choco Chip Cookie,2,80,10,Delhi,Cash on Delivery,Delivered
1794,2025-03-05,Jar Cake,5,250,10,Delhi,UPI,Delivered
1795,2024-11-27,Vanilla Cupcake,1,100,0,Kanpur,UPI,Delivered
1796,2024-12-05,Chocolate Cake,1,400,20,Kanpur,Card,Delivered
1797,2024-12-17,Vanilla Cupcake,4,100,15,Lucknow,Cash on Delivery,Delivered
1798,2025-02-28,Chocolate Cake,3,400,0,Kanpur,UPI,Pending
1799,2024-12-10,Choco Chip Cookie,5,80,5,Mumbai,Card,Delivered
1800,2024-11-25,Choco Chip Cookie,1,80,5,Delhi,Cash on Delivery,Delivered
1801,2025-01-22,Jar Cake,3,250,10,Delhi,UPI,Delivered
1802,2024-11-13,Chocolate Cake,3,400,20,Noida,Cash on Delivery,Delivered
1803,2025-03-01,Jar Cake,1,250,0,Delhi,Online,Delivered
1804,2024-12-14,Choco Chip Cookie,2,80,5,Gurgaon,Card,Delivered
1805,2025-03-21,Jar Cake,2,250,15,Kanpur,Cash on Delivery,Delivered
1806,2025-02-24,Chocolate Cake,5,400,0,Kanpur,Card,Delivered
1807,2025-04-05,Jar Cake,3,250,0,Kanpur,UPI,Delivered
1808,2024-12-25,Brownie,1,150,15,Lucknow,Online,Delivered
1809,2024-12-19,Vanilla Cupcake,4,100,5,Delhi,Online,Delivered
1810,2025-04-18,Brownie,5,150,0,Lucknow,UPI,Delivered
1811,2025-01-02,Choco Chip Cookie,3,80,0,Mumbai,Online,Delivered
1812,2025-03-10,Vanilla Cupcake,1,100,15,Gurgaon,Online,Delivered
1813,2025-04-13,Brownie,4,150,5,Delhi,Card,Delivered
1814,2024-11-29,Brownie,5,150,0,Lucknow,Online,Delivered
1815,2024-11-07,Chocolate Cake,3,400,0,Lucknow,Card,Delivered
1816,2025-04-10,Chocolate Truffle,2,300,5,Delhi,Card,Delivered
1817,2025-02-17,Chocolate Cake,4,400,10,Gurgaon,Online,Delivered
1818,2024-12-28,Chocolate Cake,4,400,20,Mumbai,Cash on Delivery,Delivered
1819,2025-03-31,Chocolate Truffle,1,300,20,Mumbai,Cash on Delivery,Delivered
1820,2024-11-08,Chocolate Truffle,2,300,0,Mumbai,UPI,Delivered
1821,2025-02-24,Chocolate Truffle,1,300,5,Mumbai,Online,Delivered
1822,2025-04-21,Vanilla Cupcake,4,100,0,Lucknow,UPI,Delivered
1823,2025-01-02,Choco Chip Cookie,1,80,15,Kanpur,Card,Delivered
1824,2024-12-02,Chocolate Cake,3,400,5,Gurgaon,Cash on Delivery,Delivered
1825,2025-01-07,Vanilla Cupcake,5,100,15,Lucknow,Cash on Delivery,Delivered
1826,2025-02-11,Chocolate Truffle,4,300,5,Mumbai,UPI,Delivered
1827,2025-04-05,Vanilla Cupcake,5,100,20,Delhi,Card,Delivered
1828,2025-04-24,Vanilla Cupcake,4,100,0,Mumbai,Cash on Delivery,Pending
1829,2025-01-11,Jar Cake,1,250,20,Gurgaon,Online,Delivered
1830,2025-04-16,Brownie,1,150,20,Noida,Card,Pending
1831,2025-02-12,Vanilla Cupcake,1,100,20,Noida,Online,Delivered
1832,2025-01-10,Vanilla Cupcake,4,100,0,Kanpur,Card,Delivered
1833,2025-04-24,Vanilla Cupcake,5,100,10,Delhi,UPI,Delivered
1834,2024-11-12,Jar Cake,4,250,5,Gurgaon,Online,Delivered
1835,2025-01-28,Jar Cake,4,250,15,Noida,Card,Delivered
1836,2025-01-30,Chocolate Cake,3,400,20,Kanpur,Online,Delivered
1837,2025-02-20,Choco Chip Cookie,2,80,0,Mumbai,Online,Delivered
1838,2025-02-09,Choco Chip Cookie,2,80,5,Noida,Cash on Delivery,Delivered
1839,2024-12-24,Brownie,2,150,20,Kanpur,Cash on Delivery,Delivered
1840,2025-01-20,Vanilla Cupcake,1,100,15,Lucknow,Cash on Delivery,Delivered
1841,2024-12-09,Chocolate Truffle,5,300,0,Kanpur,Card,Delivered
1842,2025-03-08,Chocolate Truffle,2,300,15,Delhi,Card,Delivered
1843,2024-12-18,Choco Chip Cookie,4,80,5,Lucknow,Online,Delivered
1844,2025-03-12,Brownie,5,150,20,Kanpur,Card,Delivered
1845,2025-04-14,Vanilla Cupcake,2,100,0,Mumbai,Cash on Delivery,Delivered
1846,2025-04-15,Choco Chip Cookie,4,80,15,Lucknow,Cash on Delivery,Delivered
1847,2025-01-10,Jar Cake,5,250,20,Delhi,Cash on Delivery,Delivered
1848,2025-03-03,Choco Chip Cookie,5,80,5,Lucknow,UPI,Delivered
1849,2024-12-07,Chocolate Truffle,5,300,15,Gurgaon,Online,Delivered
1850,2025-03-30,Choco Chip Cookie,1,80,15,Kanpur,UPI,Delivered
1851,2025-02-01,Chocolate Cake,1,400,20,Noida,Cash on Delivery,Delivered
1852,2025-04-06,Brownie,2,150,5,Gurgaon,Online,Delivered
1853,2025-04-21,Choco Chip Cookie,4,80,20,Mumbai,Card,Delivered
1854,2025-03-10,Brownie,4,150,20,Gurgaon,Online,Pending
1855,2024-12-31,Choco Chip Cookie,2,80,10,Noida,UPI,Delivered
1856,2025-03-10,Choco Chip Cookie,2,80,10,Delhi,UPI,Cancelled
1857,2025-02-28,Choco Chip Cookie,2,80,15,Gurgaon,UPI,Delivered
1858,2024-11-01,Jar Cake,4,250,0,Mumbai,Card,Delivered
1859,2025-04-20,Vanilla Cupcake,5,100,0,Kanpur,UPI,Delivered
1860,2025-04-08,Jar Cake,1,250,5,Gurgaon,Cash on Delivery,Delivered
1861,2024-12-22,Jar Cake,1,250,0,Lucknow,Cash on Delivery,Delivered
1862,2025-03-02,Vanilla Cupcake,1,100,10,Gurgaon,Cash on Delivery,Delivered
1863,2025-02-10,Brownie,2,150,10,Kanpur,Card,Delivered
1864,2024-11-05,Brownie,5,150,5,Noida,Online,Delivered
1865,2025-01-08,Jar Cake,4,250,5,Kanpur,Online,Pending
1866,2024-12-09,Chocolate Truffle,4,300,5,Delhi,Card,Delivered
1867,2025-04-03,Chocolate Truffle,3,300,0,Gurgaon,UPI,Delivered
1868,2025-03-11,Chocolate Truffle,5,300,5,Kanpur,UPI,Delivered
1869,2024-12-19,Jar Cake,5,250,10,Lucknow,Cash on Delivery,Delivered
1870,2024-11-20,Vanilla Cupcake,2,100,20,Gurgaon,Cash on Delivery,Delivered
1871,2025-01-18,Chocolate Truffle,4,300,15,Gurgaon,UPI,Delivered
1872,2025-02-09,Choco Chip Cookie,2,80,5,Gurgaon,Online,Delivered
1873,2025-03-04,Vanilla Cupcake,4,100,15,Gurgaon,Online,Delivered
1874,2025-01-02,Jar Cake,3,250,5,Lucknow,UPI,Delivered
1875,2025-03-02,Chocolate Cake,1,400,15,Noida,Online,Delivered
1876,2024-11-16,Choco Chip Cookie,4,80,15,Noida,Card,Cancelled
1877,2024-12-13,Brownie,2,150,20,Lucknow,Cash on Delivery,Delivered
1878,2024-11-14,Chocolate Truffle,2,300,10,Noida,UPI,Delivered
1879,2024-12-23,Choco Chip Cookie,1,80,15,Lucknow,UPI,Delivered
1880,2025-03-15,Choco Chip Cookie,4,80,15,Delhi,Online,Delivered
1881,2025-04-16,Brownie,2,150,10,Mumbai,UPI,Delivered
1882,2024-11-27,Chocolate Cake,4,400,20,Mumbai,Card,Delivered
1883,2025-01-17,Chocolate Truffle,5,300,0,Lucknow,UPI,Delivered
1884,2024-11-11,Jar Cake,1,250,0,Kanpur,Card,Delivered
1885,2025-04-13,Choco Chip Cookie,3,80,0,Mumbai,Online,Delivered
1886,2024-12-16,Chocolate Truffle,4,300,20,Mumbai,UPI,Delivered
1887,2025-04-24,Brownie,5,150,15,Lucknow,Card,Delivered
1888,2025-04-19,Chocolate Truffle,4,300,15,Noida,Online,Delivered
1889,2024-12-21,Chocolate Truffle,4,300,0,Kanpur,Card,Delivered
1890,2025-02-11,Chocolate Truffle,4,300,5,Delhi,Cash on Delivery,Delivered
1891,2025-04-17,Chocolate Truffle,4,300,0,Noida,UPI,Pending
1892,2025-01-30,Jar Cake,5,250,5,Delhi,Card,Delivered
1893,2024-12-07,Jar Cake,4,250,20,Kanpur,Cash on Delivery,Delivered
1894,2025-04-07,Jar Cake,2,250,15,Gurgaon,Online,Delivered
1895,2024-11-17,Choco Chip Cookie,4,80,5,Lucknow,Card,Delivered
1896,2025-03-29,Jar Cake,2,250,5,Lucknow,Online,Delivered
1897,2025-01-16,Vanilla Cupcake,5,100,15,Noida,Card,Delivered
1898,2024-12-19,Jar Cake,2,250,0,Delhi,Cash on Delivery,Delivered
1899,2025-03-11,Brownie,4,150,5,Kanpur,Cash on Delivery,Delivered
1900,2024-12-11,Chocolate Cake,1,400,0,Noida,Cash on Delivery,Delivered
1901,2025-04-22,Chocolate Cake,2,400,15,Kanpur,Online,Delivered
1902,2025-03-31,Vanilla Cupcake,3,100,15,Noida,Online,Delivered
1903,2024-12-23,Vanilla Cupcake,3,100,0,Lucknow,Online,Delivered
1904,2025-04-14,Chocolate Truffle,4,300,5,Mumbai,UPI,Delivered
1905,2025-02-01,Choco Chip Cookie,4,80,0,Delhi,UPI,Delivered
1906,2025-03-03,Vanilla Cupcake,5,100,10,Mumbai,Online,Delivered
1907,2025-02-22,Brownie,2,150,15,Gurgaon,Online,Cancelled
1908,2025-03-06,Vanilla Cupcake,1,100,5,Gurgaon,Card,Delivered
1909,2024-11-23,Choco Chip Cookie,1,80,10,Delhi,Online,Delivered
1910,2024-12-28,Chocolate Truffle,3,300,5,Noida,Card,Delivered
1911,2025-03-31,Chocolate Cake,1,400,10,Lucknow,UPI,Delivered
1912,2024-12-01,Chocolate Truffle,5,300,15,Gurgaon,Card,Cancelled
1913,2024-11-07,Chocolate Cake,1,400,15,Lucknow,Online,Delivered
1914,2025-04-09,Chocolate Cake,3,400,0,Delhi,Card,Delivered
1915,2025-02-23,Jar Cake,4,250,15,Noida,Card,Delivered
1916,2024-11-22,Chocolate Cake,5,400,10,Gurgaon,UPI,Delivered
1917,2025-01-23,Choco Chip Cookie,2,80,15,Kanpur,UPI,Pending
1918,2024-12-31,Chocolate Cake,4,400,10,Gurgaon,Cash on Delivery,Delivered
1919,2025-03-18,Vanilla Cupcake,3,100,20,Noida,Online,Delivered
1920,2024-12-21,Choco Chip Cookie,3,80,20,Lucknow,Online,Delivered
1921,2025-01-08,Brownie,1,150,5,Kanpur,UPI,Delivered
1922,2025-04-22,Brownie,2,150,20,Noida,UPI,Delivered
1923,2025-02-08,Choco Chip Cookie,4,80,15,Delhi,UPI,Delivered
1924,2025-02-07,Vanilla Cupcake,3,100,10,Mumbai,Cash on Delivery,Pending
1925,2025-01-30,Jar Cake,3,250,20,Noida,Online,Delivered
1926,2025-04-22,Chocolate Truffle,4,300,15,Lucknow,Online,Delivered
1927,2025-01-05,Chocolate Truffle,3,300,10,Noida,Online,Delivered
1928,2025-01-31,Chocolate Truffle,2,300,10,Lucknow,Card,Delivered
1929,2024-12-06,Choco Chip Cookie,2,80,20,Gurgaon,Cash on Delivery,Delivered
1930,2024-11-04,Choco Chip Cookie,3,80,20,Mumbai,Online,Delivered
1931,2024-11-02,Chocolate Truffle,1,300,5,Kanpur,UPI,Delivered
1932,2024-11-20,Brownie,4,150,0,Lucknow,UPI,Delivered
1933,2025-02-21,Chocolate Truffle,2,300,5,Delhi,Card,Delivered
1934,2024-11-29,Brownie,2,150,15,Lucknow,UPI,Delivered
1935,2025-01-02,Chocolate Truffle,2,300,0,Lucknow,UPI,Delivered
1936,2025-02-19,Jar Cake,1,250,20,Delhi,UPI,Delivered
1937,2024-12-02,Jar Cake,5,250,15,Delhi,UPI,Delivered
1938,2024-11-21,Chocolate Cake,4,400,5,Mumbai,Online,Delivered
1939,2024-12-12,Chocolate Cake,2,400,20,Mumbai,Cash on Delivery,Delivered
1940,2024-11-25,Chocolate Cake,5,400,5,Lucknow,Online,Delivered
1941,2025-01-04,Jar Cake,5,250,5,Delhi,Card,Delivered
1942,2024-12-17,Jar Cake,3,250,20,Mumbai,Cash on Delivery,Delivered
1943,2025-01-11,Chocolate Cake,3,400,10,Lucknow,Card,Delivered
1944,2025-02-07,Vanilla Cupcake,5,100,15,Mumbai,UPI,Delivered
1945,2025-02-11,Jar Cake,2,250,5,Lucknow,Online,Delivered
1946,2024-12-11,Vanilla Cupcake,4,100,5,Mumbai,Online,Delivered
1947,2025-03-18,Choco Chip Cookie,2,80,5,Gurgaon,Online,Delivered
1948,2025-04-30,Chocolate Truffle,5,300,5,Kanpur,Cash on Delivery,Delivered
1949,2025-04-30,Choco Chip Cookie,3,80,0,Noida,Online,Delivered
1950,2025-02-01,Chocolate Cake,5,400,20,Kanpur,UPI,Delivered
1951,2025-03-28,Jar Cake,5,250,20,Kanpur,Online,Delivered
1952,2025-02-01,Choco Chip Cookie,1,80,15,Delhi,Cash on Delivery,Pending
1953,2025-02-06,Brownie,3,150,15,Lucknow,Cash on Delivery,Delivered
1954,2025-02-13,Jar Cake,2,250,15,Kanpur,Cash on Delivery,Delivered
1955,2025-02-21,Chocolate Truffle,4,300,10,Delhi,UPI,Delivered
1956,2024-12-25,Choco Chip Cookie,3,80,10,Delhi,UPI,Pending
1957,2025-02-06,Vanilla Cupcake,4,100,10,Noida,Card,Delivered
1958,2025-04-12,Chocolate Truffle,2,300,10,Gurgaon,Cash on Delivery,Delivered
1959,2025-04-26,Choco Chip Cookie,2,80,15,Noida,UPI,Delivered
1960,2024-12-27,Choco Chip Cookie,4,80,20,Delhi,Card,Delivered
1961,2025-01-29,Choco Chip Cookie,1,80,15,Lucknow,Cash on Delivery,Delivered
1962,2025-04-03,Vanilla Cupcake,3,100,5,Lucknow,Card,Cancelled
1963,2024-11-12,Jar Cake,5,250,5,Kanpur,Cash on Delivery,Delivered
1964,2025-03-04,Brownie,2,150,15,Mumbai,UPI,Delivered
1965,2025-02-20,Vanilla Cupcake,2,100,15,Delhi,Online,Delivered
1966,2025-03-24,Jar Cake,2,250,20,Mumbai,Online,Delivered
1967,2024-12-19,Choco Chip Cookie,4,80,15,Kanpur,Cash on Delivery,Delivered
1968,2025-04-20,Brownie,5,150,5,Mumbai,UPI,Delivered
1969,2025-04-01,Chocolate Cake,4,400,0,Mumbai,Card,Delivered
1970,2024-12-07,Chocolate Truffle,3,300,0,Mumbai,UPI,Delivered
1971,2025-01-28,Chocolate Cake,1,400,5,Noida,UPI,Delivered
1972,2025-04-25,Vanilla Cupcake,3,100,5,Kanpur,Online,Pending
1973,2025-04-14,Brownie,1,150,20,Noida,UPI,Delivered
1974,2025-03-06,Chocolate Truffle,4,300,15,Mumbai,Cash on Delivery,Delivered
1975,2025-01-08,Vanilla Cupcake,4,100,0,Gurgaon,UPI,Delivered
1976,2024-11-02,Vanilla Cupcake,5,100,5,Gurgaon,Card,Delivered
1977,2025-03-09,Jar Cake,1,250,15,Delhi,Card,Delivered
1978,2025-02-21,Vanilla Cupcake,2,100,20,Noida,Online,Delivered
1979,2025-04-13,Brownie,1,150,5,Delhi,Online,Delivered
1980,2025-01-03,Jar Cake,3,250,5,Mumbai,UPI,Delivered
1981,2024-12-25,Brownie,1,150,10,Gurgaon,UPI,Delivered
1982,2025-01-18,Chocolate Cake,1,400,20,Lucknow,UPI,Delivered
1983,2024-11-11,Brownie,4,150,20,Kanpur,Cash on Delivery,Delivered
1984,2024-12-12,Brownie,2,150,5,Kanpur,Card,Delivered
1985,2024-12-14,Choco Chip Cookie,1,80,10,Noida,UPI,Delivered
1986,2024-12-19,Chocolate Truffle,2,300,10,Kanpur,Card,Delivered
1987,2025-01-15,Chocolate Cake,5,400,15,Delhi,Cash on Delivery,Delivered
1988,2025-01-21,Vanilla Cupcake,4,100,15,Kanpur,Card,Delivered
1989,2024-12-14,Choco Chip Cookie,1,80,15,Gurgaon,Card,Delivered
1990,2024-11-01,Chocolate Cake,4,400,10,Gurgaon,Card,Delivered
1991,2024-11-15,Jar Cake,2,250,0,Noida,Card,Delivered
1992,2025-04-18,Jar Cake,1,250,15,Kanpur,UPI,Delivered
1993,2025-03-14,Choco Chip Cookie,4,80,20,Gurgaon,UPI,Delivered
1994,2025-04-23,Chocolate Truffle,3,300,20,Mumbai,Card,Delivered
1995,2024-12-30,Vanilla Cupcake,5,100,20,Noida,Cash on Delivery,Delivered
1996,2025-01-21,Choco Chip Cookie,4,80,0,Lucknow,Card,Delivered
1997,2025-01-30,Brownie,2,150,10,Gurgaon,Online,Delivered
1998,2024-12-01,Chocolate Cake,4,400,20,Mumbai,UPI,Pending
1999,2025-03-07,Chocolate Cake,1,400,10,Noida,UPI,Delivered
2000,2024-11-21,Choco Chip Cookie,2,80,10,Gurgaon,Online,Pending
